{
    "anchor_x": 26.287878787878782,
    "anchor_y": 18.681818181818358,
    "hwidth": 28.316017316017323,
    "vwidth": 31.51298701298697,
    "hgap": 12.584896584896581,
    "vgap": 9.316883116883151,
    "h": 40.900913900913906,
    "v": 40.829870129870116,
    "settings_x": 36.0,
    "settings_y": 67.52
}